{
  "requirements": [{
    "description": "Exiba os países e indicando se cada um deles se encontra ou não na região formada pela Europa",
    "bonus": false
  }, {
    "description": "Exiba os cargos com seu nível de renumeração associado, com base no salário máximo do cargo",
    "bonus": false
  }, {
    "description": "Exiba os cargos com a diferença entre seus salários máximo e mínimo",
    "bonus": false
  }, {
    "description": "Exiba a média salarial e o nível de senioridade de todas as pessoas empregadas, agrupadas pelo cargo",
    "bonus": false
  }, {
    "description": "Exiba os cargos com sua variação salarial e suas médias máxima e mínima mensal, considerando salários máximo e minímo como anuais",
    "bonus": false
  }, {
    "description": "Faça um relatório que mostra o **histórico de cargos das pessoas empregadas**",
    "bonus": false
  }, {
    "description": "Faça um relatório que mostra o **histórico de cargos das pessoas empregadas** que iniciaram seus cargos nos meses de janeiro, fevereiro ou março",
    "bonus": false
  }, {
    "description": "Exibe todas as **pessoas consumidoras** cujos pedidos já foram enviados pelas empresas `\"Speedy Express\"` ou `\"United Package\"`",
    "bonus": false
  }, {
    "description": "Exibe todos as pessoas funcionárias que já realizaram algum pedido, mostrando também seu total de pedidos feitos",
    "bonus": false
  }, {
    "description": "Exibe todos os produtos que já foram pedidos, que possuem uma média de quantidade nos pedidos registrados acima de `20.00`",
    "bonus": false
  }, {
    "description": "Exibe todas as pessoas clientes **que possuem compatriotas**, mostrando a quantidade de compatriotas para cada pessoa cliente",
    "bonus": false
  }, {
    "description": "Faça um relatório que lista todas as pessoas funcionárias **que possuem o mesmo cargo**",
    "bonus": false
  }, {
    "description": "Exibe todos produtos **que já tiveram um pedido associado requerindo uma quantidade desse produto maior que 80**",
    "bonus": false
  }, {
    "description": "Considerando o conjunto formado pelas pessoas consumidoras e empresas fornecedoras de produtos, queremos saber quais são os cinco primeiros países distintos, em ordem alfabética, presentes nesse conjunto",
    "bonus": false
  }, {
    "description": "Crie uma procedure chamada `buscar_media_por_cargo` que recebe como parâmetro o nome de um cargo e em retorno deve mostrar a média salarial de todas as pessoas que possuem esse cargo",
    "bonus": false
  }, {
    "description": "Crie uma função chamada `buscar_quantidade_de_empregos_por_funcionario` no banco de dados `hr` que, ao receber o **email de uma pessoa funcionária**, retorne a quantidade de empregos **presentes em seu histórico**",
    "bonus": false
  }, {
    "description": "Faça um relatório que mostra o **histórico de cargos das pessoas empregadas**, mostrando as datas de início e de saída, assim como os anos que ela ficou nesse cargo",
    "bonus": true
  }, {
    "description": "Crie uma função chamada `exibir_quantidade_pessoas_contratadas_por_mes_e_ano` no banco de dados `hr` que, dados o mês e ano como parâmetros nessa ordem, retorna a quantidade de pessoas funcionárias **que foram contratadas** nesse mês e ano",
    "bonus": true
  }, {
    "description": "Toda pessoa funcionária no banco `hr` possui um histórico completo de cargos. Logo, crie uma procedure chamada `exibir_historico_completo_por_funcionario` que, dado o e-mail de uma pessoa funcionária, retorna todos os cargos em seu histórico",
    "bonus": true
  }]
}
