{
  "coluna_usuario": "nome",
  "tabela_que_contem_usuario": "usuario",
  "coluna_plano": "plano",
  "tabela_que_contem_plano": "plano",
  "coluna_historico_de_reproducoes": "cancoes_id",
  "tabela_que_contem_historico_de_reproducoes": "historico_reproducoes",
  "coluna_seguindo_artistas": "artista_id",
  "tabela_que_contem_seguindo_artistas": "seguindo_artista",
  "coluna_artista": "nome",
  "tabela_que_contem_artista": "artistas",
  "coluna_album": "titulo",
  "tabela_que_contem_album": "albuns",
  "coluna_cancoes": "titulo",
  "tabela_que_contem_cancoes": "cancoes"
}
